"longitude","latitude","cluster"
-82.454058,34.229041,7
-75.757807,37.765944,6
-116.244376,43.451477,1
-94.478164,41.328528,2
-92.603592,40.190666,2
-94.651026,35.898043,3
-104.331872,39.874325,1
-94.696906,41.021656,2
-116.461624,44.877004,1
-91.194961,39.986052,2
-84.936134,40.74573,2
-91.351797,31.486224,3
-102.533198,46.096815,1
-98.500044,40.520632,2
-83.478082,38.834468,7
-77.21773,39.869471,6
-118.512861,47.011238,1
-89.767228,43.973757,2
-73.141581,44.031248,6
-81.632983,33.550013,7
-93.41976,46.602446,2
-82.357221,29.67574,5
-79.400573,36.043954,7
-121.912488,37.647139,4
-105.788041,37.568442,1
-73.97401,42.58824,6
-105.721883,41.665514,1
-78.553506,38.024184,6
-83.29458,44.657509,2
-88.581109,34.886569,7
-89.349516,37.183658,2
-81.177467,35.920951,7
-98.323445,36.729703,3
-86.657119,46.521736,2
-91.382751,43.274964,2
-86.261403,42.421251,2
-78.026153,42.247853,6
-81.132299,36.489356,7
-80.008669,37.787905,7
-79.980451,40.469757,6
-85.071791,41.091909,2
-84.106103,40.771627,2
-81.363265,32.979757,7
-83.426574,44.894954,2
-119.798352,38.621783,4
-120.653858,38.443549,4
-77.977462,37.331927,6
-79.154667,37.629304,6
-90.795542,31.203933,3
-82.638603,34.521235,7
-84.195418,36.116731,7
-95.661727,31.841261,3
-94.803551,39.988863,2
-102.640206,32.312258,3
-94.611134,31.251896,3
-93.242723,45.27411,2
-80.109763,34.974972,7
-98.058037,42.183225,2
-85.175639,45.005455,2
-109.490172,35.385084,4
-92.873062,40.744249,2
-82.290103,31.739712,7
-78.81094,37.370725,6
-96.967501,28.122621,3
-104.331706,39.644554,1
-98.687267,33.616305,3
-107.050863,37.202395,1
-83.740675,44.036833,2
-91.376547,34.28957,3
-77.100703,38.878337,6
-79.464129,40.81238,6
-101.356636,34.964179,3
-101.695917,41.57193,1
-81.499334,36.443469,7
-82.270127,40.843273,2
-90.679691,46.544424,2
-91.772267,33.190835,3
-80.745592,41.906637,6
-117.227781,46.181861,1
-98.535381,28.891478,3
-95.437555,40.431846,2
-82.045885,39.332755,7
-82.878151,31.296806,7
-74.633759,39.469355,6
-96.036558,34.392469,3
-89.588622,33.090468,7
-91.843418,39.214481,2
-94.904312,41.679178,2
-84.224018,40.561309,2
-79.140975,38.17259,6
-98.577587,43.724719,2
-96.27017,29.891901,3
-86.64644,32.532237,7
-81.920285,36.07209,7
-102.543741,37.30978,3
-82.451433,31.55021,7
-102.830345,34.067521,3
-82.302284,30.324442,5
-84.454881,31.31958,7
-117.691933,44.703427,1
-87.746067,30.659218,7
-83.255457,33.05949,7
-81.053161,33.203021,7
-99.248285,29.756389,3
-83.498441,34.351922,7
-103.726263,41.53975,1
-112.228982,42.692921,1
-88.36181,46.695859,2
-85.405104,31.870253,7
-79.996947,39.139725,6
-98.070195,46.94255,2
-70.164823,41.706123,6
-81.434228,33.260552,7
-91.852892,45.437192,2
-83.712303,33.992009,7
-85.31455,42.582811,2
-93.834334,36.699376,3
-85.897999,39.205843,2
-94.344089,37.500799,3
-84.838188,34.240917,7
-97.310639,30.100772,3
-94.339246,38.257217,2
-79.731203,38.068368,6
-92.329949,36.280268,3
-85.534395,30.15914,5
-83.978701,43.699711,2
-91.177282,46.634199,2
-99.208189,33.618802,3
-98.279422,44.418265,2
-111.327517,42.285892,1
-76.842014,35.482313,6
-80.689422,32.358112,7
-100.483056,36.748334,3
-80.350721,40.68414,6
-113.238948,38.357535,4
-112.892869,45.133863,1
-95.741757,46.937629,2
-99.690057,35.270601,3
-78.494747,39.998634,6
-86.458294,35.51366,7
-79.527223,37.312257,7
-97.742586,28.416077,3
-71.425366,43.519109,6
-97.481268,31.04275,3
-80.967727,40.017682,6
-95.00505,47.879508,2
-83.147197,31.740772,7
-116.633541,47.218451,1
-101.677181,43.186912,1
-73.111496,43.035328,6
-99.351152,48.071743,2
-103.077584,37.931891,3
-94.256298,36.337819,3
-92.05763,42.092547,2
-87.314786,40.600939,2
-94.00144,45.701225,2
-93.287942,38.301036,2
-89.200213,34.809593,7
-123.424664,44.493882,1
-88.071232,36.070948,7
-119.516659,46.228125,1
-86.231999,44.636844,2
-74.074727,40.959698,6
-79.953655,33.2077,7
-78.037754,39.447938,6
-75.92686,40.413957,6
-73.217928,42.371493,6
-106.66908,35.053628,3
-83.22787,31.288652,7
-86.742543,41.791382,2
-76.962364,36.059043,6
-98.520147,29.448671,3
-87.127148,33.015893,7
-83.694194,32.808845,7
-107.518162,45.407868,1
-107.994848,44.525117,1
-96.402226,45.419925,2
-103.364016,47.007044,1
-112.399206,43.216357,1
-92.3076,42.471132,2
-85.32373,40.472672,2
-78.539489,34.591938,7
-113.955371,43.394192,1
-108.967648,48.428282,1
-99.996407,41.931945,2
-98.429031,35.877795,3
-78.309597,40.498683,6
-98.399217,30.266456,3
-81.125853,37.130612,7
-83.331717,32.435403,7
-85.20591,35.593561,7
-86.56644,33.977358,7
-83.922973,35.688185,7
-94.064012,44.03371,2
-115.71511,43.987275,1
-90.88412,33.799139,3
-90.024645,37.318427,2
-97.884199,42.985799,2
-89.436592,38.885924,2
-116.62745,48.324634,1
-111.621878,43.395171,1
-93.079236,36.304299,3
-93.938605,42.038623,2
-88.824295,42.318983,2
-86.469014,40.050892,2
-92.310202,38.989861,2
-98.070476,41.703934,2
-81.713538,38.022814,7
-101.439199,32.73859,3
-97.637641,31.900819,3
-79.797546,37.565482,7
-100.831257,48.794412,1
-105.397702,40.094966,1
-116.524668,48.773131,1
-94.422393,33.446065,3
-103.505943,46.110144,1
-103.081779,42.21038,1
-113.060252,41.622623,1
-98.773022,42.894448,2
-82.166698,29.952386,5
-76.502123,41.791504,6
-92.169156,33.466549,3
-84.859414,35.153914,7
-85.066885,41.918455,2
-81.982978,31.197334,7
-80.73166,38.69933,6
-95.434647,29.167817,3
-96.302394,30.656713,3
-92.327356,42.780895,2
-80.700333,28.298311,5
-103.252458,29.808997,3
-101.205893,34.525172,3
-71.088894,41.748588,6
-71.286687,41.70684,6
-111.497873,46.329849,1
-80.578691,40.272645,6
-96.797797,44.376675,2
-83.581905,30.822934,7
-98.215276,27.034994,3
-75.830283,42.161977,6
-105.050787,39.953593,1
-80.476683,26.193535,5
-90.750309,39.962069,2
-86.230121,39.195113,2
-94.733647,44.246541,2
-99.92392,42.359562,2
-83.866772,38.931377,7
-98.352175,45.589254,2
-98.998456,31.764137,3
-87.99613,44.474024,2
-99.092909,43.729873,2
-78.227765,34.038754,7
-77.861483,36.764204,6
-81.438543,32.017969,7
-96.265135,33.964004,3
-91.838666,42.470328,2
-94.808173,39.660369,2
-82.038151,37.26812,7
-78.529169,37.573928,6
-75.10706,40.336887,6
-95.141432,42.741522,2
-99.074984,40.855265,2
-99.203998,44.044306,2
-91.761294,44.385633,2
-81.741618,32.394481,7
-85.717261,32.101759,7
-82.530423,35.609371,7
-89.528377,41.401304,2
-82.000164,33.060181,7
-81.70618,35.746182,7
-102.520087,48.786453,1
-100.469533,46.978829,1
-96.622091,30.493487,3
-74.663006,39.875786,6
-98.201187,30.78963,3
-92.37573,45.866897,2
-96.337746,41.854179,2
-86.681969,31.751667,7
-92.780153,42.734757,2
-90.40313,36.71518,2
-97.132039,41.226072,2
-84.565734,39.439747,2
-79.918978,40.913847,6
-121.603209,39.665336,4
-113.177631,43.685101,1
-103.501436,44.896226,1
-83.958221,33.290355,7
-80.552728,35.388346,7
-82.243397,38.419578,7
-111.745394,41.734118,1
-98.381045,35.16792,3
-120.554107,38.191068,4
-93.979179,39.658998,2
-81.51254,35.966396,7
-97.628141,29.832399,3
-72.112168,44.468791,6
-85.827909,33.770516,7
-92.513879,33.56046,3
-85.197915,30.388801,7
-84.62629,31.521279,7
-94.643683,42.38617,2
-90.666295,39.164262,2
-85.012385,42.24299,2
-89.337114,33.936634,7
-80.780347,33.67478,7
-96.579574,28.441719,3
-81.115478,38.844159,6
-99.372249,32.29315,3
-91.923446,38.835547,2
-88.212132,44.07841,2
-114.772135,43.502552,1
-78.710477,40.510227,6
-81.642019,30.913358,5
-92.765327,38.026527,2
-76.162488,36.342344,6
-74.961249,39.802407,6
-78.198323,41.438291,6
-97.478958,26.102923,3
-94.979085,32.974581,3
-100.002107,45.785575,2
-84.159249,36.401592,7
-79.095428,37.210152,6
-105.517014,44.191999,1
-97.979889,35.543354,3
-82.071266,32.40395,7
-86.062404,35.808394,7
-116.709058,43.625796,1
-89.685658,37.384141,2
-74.846354,39.085841,6
-109.028554,45.224468,1
-75.705039,40.918367,6
-110.588484,39.673284,1
-106.933153,41.70359,1
-111.544273,42.786072,1
-92.671044,46.603818,2
-77.353736,38.028033,6
-93.540972,36.33737,3
-85.080527,33.582237,7
-94.86765,42.039502,2
-89.924189,42.0709,2
-86.565141,40.58498,2
-93.500227,39.427375,2
-89.918887,33.440795,7
-71.20156,43.867774,6
-81.090787,40.579884,6
-88.452379,35.965748,7
-80.727831,36.731963,7
-101.355356,35.405496,3
-90.945705,36.944858,2
-104.515324,45.516825,1
-97.287927,34.251848,3
-82.126593,36.284744,7
-76.53586,34.858343,7
-93.800091,44.82132,2
-111.350262,47.316575,1
-94.933302,41.333824,2
-90.245704,39.969202,2
-86.355168,40.753799,2
-86.000142,41.917243,2
-94.333705,46.951745,2
-94.354547,38.646474,2
-97.252375,46.927003,2
-96.140609,40.909878,2
-94.357579,33.083698,3
-113.626328,42.282313,1
-102.258786,34.533621,3
-79.339609,36.394298,7
-81.214906,35.661883,7
-85.139385,34.900212,7
-108.391928,33.901621,4
-78.662332,42.239099,6
-98.46379,48.768439,2
-76.574587,43.008546,6
-91.132611,41.77236,2
-93.850014,37.733655,2
-97.25687,42.60456,2
-77.847667,40.909322,6
-93.250965,43.074975,2
-106.300025,38.734599,1
-85.394032,32.915504,7
-94.669445,29.696374,3
-88.196975,40.138985,2
-83.767604,40.132775,2
-92.96162,39.517968,2
-77.05417,37.361054,6
-98.595143,43.206185,2
-79.94248,32.800458,7
-85.543684,45.618554,2
-82.003657,26.906396,5
-78.658568,37.009042,6
-82.139644,30.779904,5
-101.694192,40.53039,3
-81.085184,31.980404,7
-79.251454,35.704994,7
-84.788021,32.347445,7
-85.345289,34.474178,7
-79.407595,42.304216,6
-104.469837,33.361604,3
-87.100808,36.255169,7
-84.495431,45.476022,2
-120.619041,47.860974,1
-76.752471,42.148697,6
-75.602241,42.478024,6
-85.654242,34.069515,7
-84.475057,34.244317,7
-95.633262,42.742737,2
-84.061449,35.13715,7
-94.996796,35.904367,3
-81.607647,35.049796,7
-95.156343,31.843881,3
-101.047653,42.571323,1
-72.248183,42.92546,6
-75.749751,39.974029,6
-81.161249,34.689342,7
-88.611353,35.420253,7
-80.159227,34.637018,7
-77.585847,37.378434,6
-102.601791,38.835646,3
-103.011929,41.214236,1
-92.31721,43.059741,2
-88.947558,33.933277,7
-91.297158,33.267139,3
-100.208166,34.524624,3
-86.726607,32.854051,7
-84.52063,46.321819,2
-95.564108,45.028625,2
-91.283505,45.069092,2
-92.903849,45.505444,2
-73.06941,44.463329,6
-88.248889,31.990954,7
-89.251332,33.345964,7
-95.554079,34.027699,3
-110.4362,47.886834,1
-76.602752,36.128979,6
-89.279593,39.545524,2
-93.187614,36.969739,3
-118.264166,39.53771,4
-107.99268,34.928272,4
-102.517698,36.74839,3
-82.595552,28.850292,5
-122.195127,45.160493,1
-90.915424,31.97281,3
-83.660698,36.501572,7
-123.88986,48.110903,1
-84.838325,43.991137,2
-80.217889,33.664682,7
-79.420369,41.198159,6
-93.176208,34.053316,3
-112.354613,44.290218,1
-87.791683,39.332334,2
-85.711122,38.476217,2
-91.729472,40.407275,2
-115.014398,36.21413,4
-83.783676,39.917032,2
-97.724912,44.855211,2
-122.485953,45.77173,1
-90.609953,44.739346,2
-87.818624,31.685521,7
-83.367152,33.952185,7
-93.785259,41.029726,2
-88.687976,32.045374,7
-77.990748,39.115307,6
-123.705037,46.024509,1
-85.863525,33.2704,7
-90.418704,36.367302,2
-81.865036,29.986584,5
-84.992583,31.619831,7
-95.149875,43.081224,2
-88.482325,38.746819,2
-87.115858,39.393928,2
-96.494901,46.898377,2
-94.421502,39.315551,2
-88.782468,33.65967,7
-83.752264,35.052997,7
-98.050858,40.523669,2
-96.980468,42.91615,2
-85.545717,36.545749,7
-98.212917,33.785904,3
-81.081866,38.459826,7
-84.412868,33.551603,7
-91.323576,42.840985,2
-105.670783,39.689403,1
-78.477724,41.006862,6
-115.6535,46.67257,1
-95.371117,47.575873,2
-85.516126,33.671964,7
-92.05995,35.566315,3
-84.149485,39.052054,2
-92.188714,33.893201,3
-81.557114,35.33463,7
-97.323088,35.206376,3
-82.702614,30.917653,5
-90.534243,41.898073,2
-89.426228,38.606295,2
-86.477567,40.305944,2
-84.591695,42.950455,2
-94.395803,39.608723,2
-73.705643,44.752712,6
-83.804583,39.416681,2
-77.629009,41.239508,6
-90.60401,34.230316,7
-96.288039,34.582861,3
-84.574121,33.939929,7
-109.775163,31.840129,4
-102.830449,33.60844,3
-83.119224,35.916198,7
-111.773728,35.829692,4
-97.198837,44.966285,2
-85.989602,31.402258,7
-82.84494,31.549245,7
-86.078202,35.488765,7
-100.635231,31.87711,3
-87.801457,34.703112,7
-92.280027,38.503233,2
-99.346622,31.914205,3
-88.220782,39.51368,2
-97.088945,41.57496,2
-104.64011,36.612964,3
-80.655244,32.835018,7
-81.400955,26.118786,5
-96.579428,33.194494,3
-100.272135,34.963358,3
-96.508935,29.596296,3
-83.769773,31.189707,7
-93.232843,33.223038,3
-82.623371,30.221651,5
-82.249608,33.552075,7
-73.626718,42.247696,6
-123.081079,45.941932,1
-76.40426,41.045517,6
-117.911634,46.29285,1
-89.330472,43.471882,2
-80.778455,40.770073,6
-78.639308,34.261602,7
-122.237563,39.177739,4
-98.258129,29.812377,3
-98.476612,34.66263,3
-98.549617,31.951645,3
-99.863649,31.318883,3
-86.988722,31.430926,7
-106.176447,37.213406,1
-121.951543,37.919479,4
-105.524752,42.984623,1
-92.689248,35.265702,3
-83.429445,31.152516,7
-87.645455,41.894294,2
-90.344319,47.758556,2
-97.210343,33.639196,3
-92.810069,38.847093,2
-71.289431,44.652548,6
-124.094133,43.18591,1
-86.243482,32.931445,7
-90.448758,31.866915,3
-101.179665,45.685671,1
-76.07624,42.594039,6
-97.798022,31.391177,3
-81.930109,40.29671,6
-105.42894,37.277547,3
-100.276442,34.091906,3
-98.373438,34.290676,3
-95.183152,44.010639,2
-86.448721,31.243987,7
-89.548897,31.633331,7
-84.762138,33.352897,7
-122.67846,46.196785,1
-95.201553,36.76389,3
-80.231051,37.473603,7
-90.631421,35.827729,7
-102.487774,31.422796,3
-77.08132,35.116829,7
-94.236219,35.583011,3
-83.979187,32.709428,7
-95.38909,42.043119,2
-87.760619,39.002787,2
-86.440871,38.289433,2
-84.611343,44.680175,2
-91.313936,37.966559,2
-82.924783,40.848524,2
-80.107795,41.687876,6
-90.935185,43.242768,2
-96.380177,35.907398,3
-86.320038,31.730311,7
-83.75653,31.920268,7
-90.30512,35.197559,7
-89.132494,35.818795,7
-101.404211,30.717532,3
-120.371585,44.163054,1
-104.567298,44.589266,1
-101.29871,33.609144,3
-90.763984,35.285692,7
-94.070718,46.491653,2
-103.772736,38.30618,3
-104.526945,31.445908,3
-86.869267,34.131923,7
-77.956476,38.48593,6
-88.240619,39.273121,2
-78.828719,35.050192,7
-75.121628,39.328434,6
-77.263442,40.164805,6
-84.994761,35.952398,7
-78.252836,37.520189,6
-96.788517,41.915865,2
-75.941224,36.372174,6
-103.346055,34.572984,3
-124.210929,42.466439,1
-105.373512,38.101996,1
-114.252267,44.273351,1
-105.550352,46.261414,1
-99.726866,41.393893,2
-98.997386,35.645601,3
-103.46225,43.684943,1
-81.604957,41.555037,6
-85.506201,34.852424,7
-93.854878,37.43235,2
-109.505785,40.890099,1
-93.062481,44.670893,2
-96.561327,42.391624,2
-85.609476,31.430654,7
-102.59402,36.28637,3
-87.11436,32.333526,7
-92.653999,33.967823,3
-94.040706,41.68532,2
-93.033815,37.683583,2
-96.778424,32.766987,3
-89.417852,43.067468,2
-105.541739,48.794429,1
-75.767536,35.606269,6
-84.621191,40.131467,2
-79.962115,34.332185,7
-76.792634,40.412565,6
-80.207107,35.795131,7
-86.78479,36.169129,7
-80.542552,35.929355,7
-87.076943,38.69609,2
-93.970053,39.962839,2
-92.410345,40.748089,2
-112.201943,41.037559,1
-98.155868,43.680439,2
-103.135436,42.713038,1
-84.173261,34.442608,7
-104.898271,47.26613,1
-99.815583,40.86784,2
-101.948771,32.742528,3
-97.58143,45.355161,2
-104.368696,34.359273,3
-88.901853,40.181499,2
-102.607564,34.940766,3
-84.975868,39.140897,2
-84.58389,30.880643,7
-93.78458,40.736379,2
-85.499831,39.30598,2
-88.110292,35.603136,7
-113.141624,46.094672,1
-84.486433,41.321679,2
-85.804021,34.460915,7
-84.226343,33.770661,7
-88.768991,41.894612,2
-85.002697,41.39676,2
-94.40719,39.894665,2
-85.833596,35.982219,7
-123.980998,41.749903,1
-91.366767,42.472937,2
-85.399262,40.227543,2
-74.966728,42.193986,6
-83.007462,40.278941,2
-94.808189,36.393437,3
-75.398818,39.916685,6
-107.864892,38.861595,1
-86.901938,45.805229,2
-95.67335,33.385933,3
-91.489717,37.603072,2
-97.12114,33.205132,3
-104.881105,39.76185,1
-91.186925,40.915339,2
-121.225575,43.915118,1
-91.244103,33.828752,3
-81.806253,27.190581,5
-89.991211,34.874922,7
-102.332609,41.111903,1
-96.690239,44.75629,2
-99.014385,35.97796,3
-100.837953,45.148049,1
-97.361654,29.082346,3
-100.787617,33.615363,3
-82.34922,37.136701,7
-98.496518,46.107756,2
-95.196057,43.389611,2
-87.866139,46.012833,2
-87.364155,36.145533,7
-79.375294,34.390209,7
-99.765871,28.423587,3
-77.635492,37.073498,6
-103.509326,48.814754,1
-83.236232,29.552675,5
-96.855784,42.485086,2
-80.711498,39.264307,6
-83.167866,32.164369,7
-92.869353,44.020706,2
-96.645852,41.577008,2
-88.701939,43.429628,2
-108.506219,37.733823,1
-100.815846,34.955036,3
-83.807167,32.151995,7
-87.048683,45.093417,2
-80.404697,33.082186,7
-84.20904,31.532588,7
-104.925987,39.325414,1
-84.767314,33.701242,7
-88.222866,39.766078,2
-95.462155,45.936835,2
-92.515892,36.946517,2
-96.154066,41.297091,2
-119.609019,38.905129,4
-123.154476,43.286328,1
-98.358433,43.391506,2
-119.694622,47.741763,1
-91.892477,46.463218,2
-91.722778,33.587242,3
-86.873385,38.373344,2
-90.878771,42.463481,2
-110.429584,40.289393,1
-70.701499,41.38097,6
-101.681133,40.180165,3
-90.062254,36.153025,7
-102.612322,47.354557,1
-91.897645,44.947751,2
-88.086039,41.852058,2
-77.933543,34.934403,7
-78.878125,36.033828,7
-73.740014,41.754825,6
-81.648113,30.335245,5
-98.497393,27.681123,3
-89.398306,36.054196,7
-106.695169,39.626992,1
-84.906723,31.324191,7
-98.83656,32.324645,3
-84.84645,42.58953,2
-91.286414,44.726355,2
-82.897376,30.714008,5
-102.542507,31.865301,3
-98.900474,47.723436,2
-104.306434,32.457835,3
-87.74711,39.679037,2
-77.602742,35.917077,7
-81.968245,33.776498,7
-99.205362,45.41168,2
-88.047941,38.417095,2
-100.3074,29.985933,3
-81.343355,32.361688,7
-88.592849,39.047945,2
-120.534225,38.785612,4
-104.527472,38.827383,1
-106.241423,31.76648,3
-104.114076,39.315157,1
-82.841892,34.116415,7
-78.653937,41.427332,6
-85.863986,41.600693,2
-115.351424,41.141133,1
-99.750139,36.224258,3
-96.79694,32.346878,3
-86.142735,32.597229,7
-115.471205,43.394698,1
-82.299763,32.5911,7
-110.7211,39.009025,1
-94.66937,43.377984,2
-84.986822,45.590094,2
-100.237842,46.284255,2
-98.220545,32.236669,3
-78.778192,42.752759,6
-82.586835,41.394143,2
-80.096386,42.117952,6
-87.16841,31.122287,7
-87.320322,30.529998,7
-117.632382,37.778966,4
-70.864909,42.642708,6
-74.246292,40.7874,6
-73.778431,44.109601,6
-76.933747,37.936389,6
-71.732736,44.724021,6
-86.034263,34.047641,7
-116.272208,39.977788,1
-81.890153,32.153083,7
-77.273252,38.82952,6
-82.626685,39.747694,2
-81.127001,34.395669,7
-103.512609,43.221619,1
-104.405718,46.318184,1
-96.934127,31.25193,3
-84.317331,34.866543,7
-96.104988,33.591161,3
-93.947234,43.676522,2
-99.153564,45.065476,2
-92.336928,35.146548,3
-77.8215,38.744096,6
-87.764292,33.716157,7
-84.493941,33.412717,7
-91.840376,42.864122,2
-89.017923,39.001125,2
-85.185032,39.639655,2
-83.461893,39.555246,2
-79.640119,39.918907,6
-89.413803,35.196993,7
-96.921231,29.877886,3
-81.08607,38.030948,7
-84.937764,36.369892,7
-109.232956,47.221816,1
-118.533589,48.473256,1
-92.093937,43.679187,2
-97.596705,40.52504,2
-100.40312,32.740473,3
-81.286253,29.474891,5
-114.052059,48.295422,1
-79.710233,34.028535,7
-88.406988,45.871828,2
-85.213685,34.26369,7
-92.787367,43.052741,2
-85.911847,38.318081,2
-101.303274,34.07373,3
-80.350266,36.931433,7
-78.283494,37.830584,6
-99.816828,33.963306,3
-88.493284,43.754722,2
-88.224588,40.596539,2
-79.249705,41.513304,6
-88.773326,45.666881,2
-89.259447,31.18858,7
-84.127408,34.225143,7
-80.256961,36.132466,7
-95.771015,29.526602,3
-98.872876,47.471431,2
-87.234872,40.121237,2
-87.842814,34.441989,7
-93.887665,35.508558,3
-84.815213,29.677794,5
-83.227532,34.375266,7
-93.271415,42.736545,2
-111.822965,42.173609,1
-88.926321,37.991852,2
-85.066964,39.409762,2
-72.591792,42.584504,6
-91.072832,38.413003,2
-90.895457,31.477773,3
-78.28309,36.088241,7
-98.96208,40.183203,2
-74.31067,44.594376,6
-83.009086,39.969875,2
-77.724521,39.926772,6
-86.099203,35.155926,7
-95.219066,33.175846,3
-79.882715,36.991186,7
-72.909402,44.858964,6
-118.903891,46.537502,1
-78.263829,39.20366,6
-93.350289,43.674202,2
-96.144957,31.701749,3
-105.424958,38.45517,1
-95.599182,40.74259,2
-111.484429,44.218091,1
-108.608935,43.054831,1
-119.655019,36.761006,4
-99.109005,28.869383,3
-100.406683,40.530947,3
-91.819285,36.381322,2
-84.468182,33.790034,7
-90.202269,40.46524,2
-86.265006,41.050384,2
-74.423678,43.115609,6
-84.124267,41.597264,2
-78.122617,39.91075,6
-99.909663,40.191865,3
-84.612607,30.578687,7
-96.683453,40.255234,2
-102.631561,32.743942,3
-88.227964,37.768677,2
-111.163921,45.518054,1
-82.301746,38.817046,7
-94.888456,29.233453,3
-102.302985,41.633364,1
-107.90978,39.599352,1
-106.995991,47.267184,1
-98.951231,41.906868,2
-97.788741,36.378132,3
-111.450907,37.831663,4
-117.536705,46.429318,1
-93.146932,34.578852,3
-97.312723,34.70935,3
-101.301134,33.183792,3
-91.50578,38.441183,2
-81.177256,35.293344,7
-76.702355,36.442135,6
-81.173505,41.499322,6
-116.398784,44.061473,1
-83.706372,43.021077,2
-78.192778,43.00091,6
-85.821022,31.092382,7
-94.405321,40.208127,2
-88.642268,30.855431,7
-79.296333,33.417531,7
-87.580523,38.317398,2
-88.933812,35.991632,7
-110.81187,33.789618,4
-82.795801,29.723456,5
-87.035319,35.202723,7
-80.698321,37.318072,7
-98.94185,30.325093,3
-120.276246,45.382955,1
-84.454811,34.690523,7
-80.849413,38.915867,6
-105.528878,39.861156,1
-112.990502,48.705671,1
-81.19082,26.95481,5
-84.389816,43.98975,2
-82.606913,33.227491,7
-101.521494,31.868006,3
-122.4017,39.602546,4
-75.145679,39.722875,6
-76.523505,37.403541,6
-81.49645,31.21271,5
-89.788314,46.488054,2
-109.174586,46.380624,1
-103.844612,46.938924,1
-97.430415,28.6607,3
-97.49192,29.461912,3
-77.917626,37.718814,6
-92.716,44.406178,2
-114.82142,42.973185,1
-84.873862,34.509667,7
-104.35354,42.089455,1
-99.823206,40.509095,2
-84.244965,30.8759,7
-97.88689,35.021058,3
-71.842424,43.926439,6
-109.87831,32.931828,4
-83.830915,35.348364,7
-83.509546,36.277509,7
-106.110837,40.113065,1
-109.57345,38.974326,1
-97.450851,47.926003,2
-73.300759,44.801787,6
-85.553848,44.718688,2
-113.427356,46.395955,1
-92.422979,34.285568,3
-85.654946,40.515758,2
-96.010699,45.930743,2
-101.639049,46.357827,1
-101.755965,41.913957,1
-108.381504,32.732087,4
-97.788151,36.788254,3
-119.014057,44.496326,1
-96.772261,45.172637,2
-119.467788,47.213633,1
-90.694229,42.870028,2
-79.195064,39.105988,6
-78.657634,36.299884,7
-84.60469,43.292326,2
-100.812374,35.402542,3
-123.826735,47.113732,1
-96.675693,33.624524,3
-81.215324,36.652229,7
-98.530565,41.567571,2
-89.605074,42.675522,2
-88.97038,43.780247,2
-80.45059,37.924418,7
-87.9642,32.844497,7
-90.566346,36.120607,7
-83.166625,33.576704,7
-94.388727,42.042513,2
-90.387682,39.355439,2
-87.004771,39.047147,2
-93.340641,37.258196,2
-88.634811,31.212845,7
-77.681688,35.481959,7
-74.142025,42.279821,6
-83.894894,39.687479,2
-80.225655,39.847707,6
-82.847523,36.179487,7
-78.470163,38.297981,6
-109.242323,33.238872,4
-77.560277,36.680336,6
-82.372077,34.892645,7
-82.127876,34.155796,7
-99.552968,34.933853,3
-94.816277,32.486401,3
-99.206591,43.175142,2
-89.80274,33.770031,7
-98.232286,47.456334,2
-95.988082,30.543231,3
-92.790244,42.403339,2
-88.401054,41.29241,2
-93.565054,40.112541,2
-85.710374,35.393352,7
-104.784968,34.869782,3
-97.948995,29.582671,3
-81.497875,40.056665,6
-79.788665,36.079065,7
-85.272013,29.859238,5
-107.05688,38.670499,1
-94.501272,41.683573,2
-84.025735,33.958756,7
-101.540856,44.288097,1
-83.525875,34.634392,7
-87.623061,32.752796,7
-101.822888,34.068436,3
-77.644842,36.251438,6
-78.939614,36.766461,7
-83.8185,34.317569,7
-98.502664,40.866027,2
-100.576343,34.453189,3
-83.266071,36.218397,7
-82.951116,30.498438,5
-93.70913,42.390789,2
-88.539009,38.085227,2
-86.021709,40.053513,2
-98.022329,40.872817,2
-74.502456,43.657879,6
-84.544187,39.196927,2
-85.201843,35.163472,7
-98.111756,31.707342,3
-97.178598,44.680619,2
-72.635648,42.136198,6
-72.663694,42.339459,6
-78.611989,39.312139,6
-81.143822,32.778334,7
-83.000465,33.26922,7
-93.743697,43.075411,2
-91.168801,40.401318,2
-85.77315,39.822529,2
-89.482791,30.391641,7
-83.665947,41.000217,2
-83.227493,36.521353,7
-80.570164,40.516958,6
-99.004575,44.546713,2
-77.491317,37.760215,6
-101.35693,36.272847,3
-97.796845,43.680612,2
-85.220063,33.795165,7
-81.82158,27.492846,5
-88.988697,35.218785,7
-99.745697,34.289904,3
-93.241669,42.390208,2
-88.266148,37.517852,2
-83.664077,40.660415,2
-88.185696,35.201893,7
-94.393178,30.329648,3
-103.853424,35.859352,3
-103.473871,45.596611,1
-78.841729,39.011361,6
-99.403418,40.178766,3
-99.844194,34.745971,3
-78.87161,35.368635,7
-118.987169,43.064449,1
-99.662805,36.80035,3
-84.912432,32.731549,7
-95.393037,29.857273,3
-95.827149,41.688584,2
-86.103766,38.186454,2
-93.992582,40.34562,2
-89.083376,30.416536,7
-81.091565,40.292318,6
-94.374434,32.547991,3
-80.386498,39.279182,6
-82.96329,34.348733,7
-102.610047,35.840244,3
-95.109642,35.232431,3
-99.730774,33.175964,3
-82.931485,36.452089,7
-101.047963,40.537234,3
-98.029267,30.061225,3
-82.981307,35.558882,7
-89.282691,35.586678,7
-85.137886,33.291347,7
-100.27921,35.815956,3
-93.664355,33.735953,3
-90.941246,40.814471,2
-82.479741,35.336415,7
-88.387674,35.653994,7
-95.853418,32.211633,3
-86.509908,39.768963,2
-81.152114,26.539967,5
-93.475228,45.006121,2
-77.300333,37.43752,6
-85.239971,31.516978,7
-84.154021,33.452947,7
-91.547259,40.984802,2
-90.130838,41.350021,2
-85.397363,39.929591,2
-93.792628,38.386491,2
-84.0689,41.331584,2
-88.300288,36.325295,7
-79.980662,36.620612,7
-74.841097,43.571009,6
-82.525969,28.555995,5
-76.981616,36.363517,6
-102.454238,46.435704,1
-87.467116,35.802327,7
-93.322988,37.93691,2
-108.751929,31.898052,4
-98.18099,26.396384,3
-83.601359,39.184422,2
-79.564472,38.366243,6
-81.342353,27.34108,5
-110.106321,48.631959,1
-97.130668,31.982681,3
-82.379991,27.893154,5
-71.723055,42.911532,6
-84.637479,41.927461,2
-90.466017,32.267788,3
-107.383974,37.811519,1
-101.044217,40.176896,3
-82.483447,39.490342,2
-102.343398,33.605932,3
-79.241964,35.017233,7
-85.815939,30.862007,7
-90.091197,33.125942,7
-81.930001,40.565597,6
-95.219072,40.095724,2
-98.784766,42.459287,2
-97.831677,32.430149,3
-121.655976,45.511775,1
-101.117324,41.920317,1
-95.565434,33.148967,3
-78.976675,33.909269,7
-92.944147,34.315177,3
-108.435076,43.720209,1
-88.651903,46.998427,2
-85.296411,31.158183,7
-83.662309,32.458147,7
-91.501556,43.66699,2
-87.705598,36.285782,7
-95.4216,31.323036,3
-93.990931,34.083064,3
-92.321908,43.365312,2
-86.114118,40.483537,2
-92.695926,39.143365,2
-98.513342,41.216851,2
-101.438721,32.30343,3
-91.887368,36.774369,2
-94.91329,47.095551,2
-74.078601,40.731375,6
-105.377549,31.450868,3
-104.959928,37.687815,3
-96.251183,35.052934,3
-99.975684,44.384452,2
-123.926176,40.706655,4
-94.202775,42.782221,2
-118.127591,41.407914,1
-90.523421,33.130996,7
-87.790453,36.040822,7
-96.08423,33.123308,3
-74.911969,40.565283,6
-77.968595,40.422311,6
-85.478597,40.826394,2
-82.857045,43.907616,2
-82.594641,41.14508,2
-97.749383,43.33671,2
-101.362746,35.837047,3
-76.153687,35.408157,6
-99.472736,44.537174,2
-95.507421,42.39186,2
-115.467337,45.849644,1
-115.3554,33.040814,4
-91.559942,35.737499,3
-80.574789,27.700528,5
-79.087545,40.651432,6
-84.373811,42.603534,2
-117.404209,36.56216,4
-85.073766,42.94465,2
-83.380141,44.386912,2
-92.059123,41.683918,2
-90.133691,43.001021,2
-80.874524,35.806251,7
-100.981304,31.303424,3
-88.540526,46.170254,2
-90.699587,37.625971,2
-113.30674,37.909304,4
-90.261298,46.32655,2
-87.833601,40.748867,2
-83.277037,31.604306,7
-84.839424,43.645233,2
-93.296339,45.562431,2
-122.670649,48.158554,1
-76.707569,36.901418,6
-91.003535,32.755539,3
-93.611102,47.490817,2
-88.363127,34.281075,7
-91.913625,36.094879,3
-98.171177,33.23216,3
-85.980056,34.764114,7
-91.223205,35.596467,3
-106.329248,40.663432,1
-85.208814,30.789249,7
-83.562557,34.130905,7
-90.574582,42.164226,2
-89.381212,37.786096,2
-86.042516,38.911957,2
-84.420868,42.248474,2
-95.149731,43.671111,2
-94.343211,39.005364,2
-88.625101,30.456005,7
-83.123966,35.285454,7
-82.614142,39.013477,7
-99.412235,34.594006,3
-122.675611,42.411621,1
-101.626323,43.677506,1
-85.674128,36.35425,7
-96.58908,28.959802,3
-90.79951,44.32459,2
-81.677717,38.834234,7
-76.777888,37.324837,6
-83.689151,33.316981,7
-93.054147,41.685551,2
-88.150725,39.004886,2
-87.118814,41.017688,2
-94.337259,37.205197,3
-89.119176,32.016748,7
-81.021627,32.43059,7
-94.022294,30.752932,3
-85.002331,40.434956,2
-82.636825,31.811615,7
-104.191873,30.625357,3
-86.896536,33.553444,7
-91.929673,34.277239,3
-105.245462,39.579511,1
-83.921761,30.396898,5
-82.420004,33.058176,7
-91.966628,41.006376,2
-112.318588,43.796965,1
-88.92421,38.30078,2
-85.44009,38.783604,2
-90.543681,38.25763,2
-91.043878,31.733633,3
-112.059428,46.124232,1
-97.143103,40.175736,2
-76.052968,43.996389,6
-80.763527,40.399384,6
-97.83889,34.105082,3
-121.178632,44.645151,1
-79.012419,41.138028,6
-83.441216,36.048452,7
-94.149331,29.854,3
-123.527057,47.805708,1
-88.773985,43.013804,2
-77.86322,39.307398,6
-89.827086,31.564808,7
-81.971524,32.794563,7
-85.628103,38.996229,2
-98.62317,44.06341,2
-114.262086,42.691395,1
-90.361385,39.080195,2
-98.747572,27.053231,3
-98.090814,27.733516,3
-90.21147,42.362391,2
-93.466322,35.573359,3
-82.66397,32.694584,7
-91.590529,41.670668,2
-88.882131,37.460709,2
-86.094264,39.496092,2
-93.811863,38.741528,2
-96.265264,40.394955,2
-81.861247,36.453203,7
-97.364906,32.379654,3
-106.588541,44.044048,1
-78.367348,35.513419,7
-96.654254,34.313455,3
-83.562196,33.021664,7
-91.116914,42.125118,2
-89.168532,31.616601,7
-77.356195,35.032268,7
-100.686138,43.951991,2
-99.87443,32.743709,3
-123.57162,42.386983,1
-112.790471,39.71412,1
-110.30532,47.032558,1
-90.113984,43.932836,2
-77.400438,40.530673,6
-85.532854,42.246266,2
-85.088992,44.678881,2
-93.297788,45.94776,2
-81.523516,38.328068,7
-95.004981,45.152714,2
-88.42804,41.939594,2
-111.815329,37.275089,4
-87.861117,41.13951,2
-97.852205,28.908996,3
-96.288377,32.598944,3
-97.143862,36.814885,3
-98.947602,40.50912,2
-101.644449,41.194245,1
-88.625631,32.750136,7
-88.430626,41.58814,2
-98.709269,29.943525,3
-97.591143,26.890213,3
-87.879996,42.587526,2
-75.502982,39.097088,6
-85.547446,43.032497,2
-71.580282,41.675118,6
-100.76972,33.18478,3
-92.167721,41.331182,2
-118.729506,35.346629,4
-99.353339,30.059953,3
-80.590885,34.338356,7
-87.448008,44.605677,2
-88.351332,47.367297,2
-99.718351,42.87548,2
-99.731198,46.938273,2
-103.703153,41.199274,1
-99.746396,30.479472,3
-76.905581,37.717772,6
-100.245345,33.614268,3
-121.833977,47.490552,1
-77.162636,38.27718,6
-77.091054,37.70826,6
-97.934557,35.949436,3
-119.81553,36.072478,4
-97.499313,44.362969,2
-100.4177,29.347086,3
-102.756849,38.387663,3
-98.981617,34.921489,3
-102.603023,39.30534,3
-122.649634,47.639595,1
-120.676709,47.124441,1
-96.780349,48.77604,2
-121.646168,42.683761,1
-97.66062,27.438735,3
-120.779305,45.870446,1
-90.213792,40.930945,2
-87.420358,38.688381,2
-92.146835,40.136856,2
-97.891349,42.634404,2
-82.422393,40.40362,2
-83.937721,35.992726,7
-99.730356,33.61189,3
-93.782896,48.245374,2
-116.695919,47.675957,1
-85.861575,41.244293,2
-94.213965,43.212356,2
-91.111758,43.908222,2
-114.038806,33.72761,4
-107.839718,37.287367,1
-99.096774,28.351098,3
-96.176836,44.999856,2
-75.608768,41.436636,6
-92.594843,37.659698,2
-93.611514,33.240629,3
-83.17851,29.990066,5
-93.802639,39.068705,2
-89.485385,34.353078,7
-90.130292,42.655578,2
-85.427845,41.642462,2
-122.745217,39.108009,4
-106.350079,39.205341,1
-81.712282,28.764113,5
-87.805939,42.185968,2
-87.374337,41.472247,2
-85.8114,43.995187,2
-91.411704,47.517111,2
-114.083687,47.642901,1
-81.19733,41.778142,6
-120.38979,42.788401,1
-97.123223,44.02845,2
-89.485536,36.333905,7
-94.904633,48.7681,2
-88.087431,33.787085,7
-84.146689,33.07444,7
-89.506369,31.197586,7
-95.570348,33.667263,3
-102.348018,34.068861,3
-72.632659,44.611192,6
-98.526057,46.464195,2
-98.240889,31.196731,3
-96.688658,40.783547,2
-76.250198,40.041992,6
-80.703688,34.686818,7
-76.412663,37.704843,6
-117.04724,39.90021,1
-122.897581,43.928334,1
-89.06707,45.254863,2
-83.063164,31.038197,7
-83.224325,43.088633,2
-86.744739,41.549013,2
-104.660395,41.29283,1
-105.486764,40.658093,1
-104.04411,37.318831,3
-88.885931,41.343341,2
-120.621223,40.715287,1
-116.730974,46.81892,1
-95.272262,34.875137,3
-87.651108,34.904168,7
-88.660449,32.403998,7
-89.627732,35.762951,7
-82.926317,32.39322,7
-82.005498,34.483676,7
-96.923633,29.382578,3
-87.321865,34.529776,7
-91.101153,36.041098,2
-87.730221,38.718954,2
-86.48782,38.839815,2
-93.830551,37.10659,3
-90.10753,31.550009,7
-82.517186,38.603866,7
-80.334446,40.992735,6
-103.806362,44.348514,1
-87.396546,35.220476,7
-94.695074,34.897356,3
-93.730106,44.373421,2
-103.413271,32.795687,3
-89.52225,32.76063,7
-76.464819,40.371448,6
-85.353048,32.604064,7
-90.779717,34.779505,7
-81.984182,26.563273,5
-84.146681,31.818419,7
-91.477157,40.647588,2
-89.299362,41.747447,2
-88.682439,34.29237,7
-79.172117,35.476336,7
-80.251209,34.15864,7
-96.976823,30.321498,3
-83.130112,36.701721,7
-86.051574,45.146182,2
-90.294934,33.54979,7
-75.590627,40.614241,6
-113.887042,44.928506,1
-84.074356,41.896022,2
-77.635514,35.240066,7
-84.2778,30.45931,5
-95.995622,31.300493,3
-82.831233,29.271854,5
-112.373367,47.132013,1
-116.42376,46.236328,1
-91.728803,40.084559,2
-75.44414,43.782681,6
-87.496983,35.523244,7
-122.377444,46.580071,1
-80.495477,38.988877,6
-81.266118,33.899246,7
-84.86858,30.259849,5
-81.457871,31.807458,7
-111.036924,48.559654,1
-94.844061,30.158508,3
-82.483435,40.091505,2
-86.981399,34.810239,7
-96.593623,31.547543,3
-91.742355,33.956385,3
-103.507555,38.99374,3
-82.448299,33.792151,7
-114.153089,42.990782,1
-96.272032,44.408238,2
-90.962916,39.062255,2
-90.453566,31.535216,3
-115.463185,48.552385,1
-81.226893,35.488491,7
-100.744481,41.050322,2
-105.449805,33.740841,3
-114.863037,37.634605,4
-96.881392,35.703117,3
-123.911212,44.641061,1
-96.722286,43.27942,2
-86.593403,35.142784,7
-118.417692,47.582743,1
-89.73224,45.333148,2
-82.077623,38.17177,7
-110.682961,42.229993,1
-91.597674,42.077951,2
-93.108019,39.86444,2
-122.537208,44.488898,1
-100.272683,36.2802,3
-94.236287,33.701941,3
-98.126961,28.351535,3
-88.552852,40.894376,2
-83.911718,42.602532,2
-93.548201,39.778587,2
-77.778463,42.729042,6
-98.68469,30.707584,3
-93.72091,35.218654,3
-103.090464,40.728091,1
-89.365309,40.129277,2
-99.504585,46.469278,2
-100.443665,41.542155,2
-83.766343,40.387553,2
-97.450952,35.914277,3
-81.940853,37.830591,7
-81.74287,31.749563,7
-91.894132,34.755114,3
-82.179722,41.438805,2
-106.307968,35.870047,3
-118.261862,34.196398,4
-84.314085,35.735085,7
-77.638898,39.0812,6
-91.256994,41.218211,2
-77.959795,37.972704,6
-99.509852,41.903183,2
-97.245093,33.957804,3
-103.561229,31.844936,3
-86.650586,32.147888,7
-83.268995,30.833145,7
-88.439723,33.471424,7
-101.819944,33.611469,3
-93.331467,41.033344,2
-83.468903,41.682321,2
-85.517552,46.510988,2
-83.998925,34.56814,7
-107.747191,32.184523,4
-78.240528,36.945555,6
-75.976053,41.173078,6
-77.055262,41.343882,6
-99.841925,43.894812,2
-101.818493,33.178412,3
-96.207201,43.38358,2
-95.847268,44.409195,2
-119.197425,39.022213,4
-85.303762,46.167868,2
-82.911456,42.671553,2
-85.692887,32.387027,7
-84.051231,32.362686,7
-88.961529,39.860237,2
-92.56434,39.829795,2
-83.421901,35.152959,7
-86.00096,36.537757,7
-89.92633,39.265914,2
-119.749802,37.209821,4
-86.55108,34.764238,7
-93.724053,36.012545,3
-83.470416,30.447233,5
-83.203737,34.128526,7
-94.015184,41.330622,2
-111.656993,43.788614,1
-89.900227,38.82712,2
-85.722454,40.166203,2
-90.343413,37.474481,2
-90.03416,32.63437,7
-111.913791,45.32529,1
-82.712631,35.864206,7
-97.606856,41.909929,2
-75.663575,42.910026,6
-83.400887,39.89661,2
-88.833424,35.606056,7
-95.930372,30.966878,3
-78.276961,38.412059,6
-92.636366,41.330797,2
-95.811089,47.328387,2
-80.770396,41.01088,6
-98.542015,36.313119,3
-117.603191,43.188625,1
-82.393144,27.475556,5
-86.327537,44.245268,2
-87.577352,44.156137,2
-89.757823,44.898036,2
-87.791091,32.247591,7
-112.49893,33.345176,4
-91.923601,38.162615,2
-122.746396,38.051367,4
-87.991198,45.346899,2
-87.881551,34.138219,7
-92.678577,36.266664,3
-82.0431,29.202805,5
-84.528735,32.359312,7
-93.093868,41.331433,2
-88.920362,38.648236,2
-86.135794,39.782976,2
-91.635379,39.807538,2
-89.821712,31.230167,7
-83.168803,40.588034,2
-122.57626,44.900898,1
-79.354001,34.08362,7
-85.618399,35.133422,7
-94.356853,32.798182,3
-80.243402,39.505839,6
-119.911721,37.574343,4
-79.679435,34.60167,7
-87.584028,46.656596,2
-89.409095,43.826053,2
-86.321668,34.309564,7
-92.981403,42.0417,2
-89.342371,41.031119,2
-86.269036,41.325003,2
-96.357761,48.362728,2
-89.504231,34.76619,7
-96.770533,34.027007,3
-97.58087,45.737044,2
-86.765868,35.468329,7
-80.671794,39.854426,6
-80.398201,27.083604,5
-86.801847,38.705322,2
-94.547096,43.677173,2
-77.119602,35.847301,6
-101.961836,32.30983,3
-89.913575,40.236993,2
-86.442937,43.957196,2
-99.237302,30.703916,3
-123.173103,47.350832,1
-82.029007,38.770914,7
-88.705658,37.216119,2
-96.001532,28.77476,3
-76.268808,37.425348,6
-87.077763,35.615696,7
-100.316678,28.729787,3
-95.235638,36.303804,3
-97.449803,35.016436,3
-105.757222,47.629628,1
-97.358048,43.680416,2
-82.316196,33.897599,7
-99.359856,31.205477,3
-94.766086,34.117073,3
-94.343716,36.627955,3
-90.678954,40.455808,2
-82.048044,35.682271,7
-81.658204,37.38276,7
-82.479533,33.480613,7
-88.452245,42.324298,2
-100.633267,48.233842,1
-81.372141,31.485629,7
-99.416487,46.108682,2
-95.671787,35.369108,3
-78.572463,41.81459,6
-103.403215,47.742475,1
-108.253294,35.584062,4
-88.844539,40.494559,2
-101.421914,47.653206,1
-97.201511,31.549596,3
-94.272323,44.821657,2
-84.619949,35.424472,7
-98.578853,28.384922,3
-88.56374,35.175375,7
-101.120851,41.648414,1
-99.211421,45.784249,2
-102.714169,44.605282,1
-110.92174,46.5857,1
-80.833832,35.246862,7
-78.368959,36.687256,6
-85.332751,43.635295,2
-81.899764,41.116174,6
-99.111085,29.353661,3
-94.527346,45.123155,2
-82.028397,39.089807,7
-84.816102,35.512203,7
-100.75521,43.581334,2
-89.794133,40.022569,2
-99.858861,30.885268,3
-123.442881,39.432388,4
-87.501457,45.535568,2
-88.669251,44.991304,2
-120.722802,37.194806,4
-90.74177,41.205605,2
-93.567631,40.421413,2
-101.833328,47.307147,1
-74.703724,40.282503,6
-84.632059,40.535333,2
-80.252786,41.300014,6
-81.106456,37.403448,7
-84.667058,33.029267,7
-98.031057,41.16979,2
-71.680041,43.299579,6
-108.460571,39.019524,1
-86.044258,40.772883,2
-84.228413,40.053326,2
-80.50375,25.616009,5
-71.394916,42.481718,6
-74.40743,40.439621,6
-76.528082,37.606975,6
-84.379414,43.648203,2
-102.002454,31.814269,3
-77.651832,40.601615,6
-96.984395,30.791242,3
-113.133092,38.956744,1
-93.632996,45.929043,2
-93.901502,33.305505,3
-84.730398,31.162931,7
-92.429876,38.21668,2
-95.619101,41.033703,2
-98.594623,31.494888,3
-87.862312,42.912643,2
-97.608122,44.021541,2
-107.003236,37.549067,1
-115.085385,47.129687,1
-118.416279,38.516647,4
-78.95669,39.404781,6
-82.158989,37.721161,7
-113.63984,42.857211,1
-96.795726,43.667472,2
-85.085471,44.325424,2
-90.052207,35.766944,7
-89.295929,36.826264,2
-113.892691,47.027263,1
-84.192038,31.228997,7
-92.784466,43.348564,2
-82.163554,36.013102,7
-100.924392,32.304117,3
-88.196568,30.684572,7
-120.71837,41.592918,1
-108.217154,40.610864,1
-113.749689,35.717705,4
-92.583642,38.633037,2
-74.152446,40.287048,6
-118.875167,37.915836,4
-95.956566,42.049432,2
-80.059074,39.633645,6
-87.383266,31.580332,7
-91.20331,34.679512,3
-81.022603,25.58612,5
-83.921837,33.018784,7
-92.869642,41.028847,2
-90.179078,38.277983,2
-86.52331,39.160729,2
-83.487106,41.916097,2
-92.006458,39.49827,2
-88.485038,33.89003,7
-77.700518,43.250347,6
-81.090983,39.726253,6
-75.329065,41.05624,6
-84.249705,35.447818,7
-90.619969,43.945175,2
-80.550329,37.554062,7
-97.725014,33.678356,3
-85.149468,43.312782,2
-121.315578,36.240104,4
-108.595786,37.338025,1
-86.204461,32.202881,7
-93.664153,34.545656,3
-82.533349,32.172108,7
-95.15779,41.021735,2
-89.478141,39.228068,2
-86.892715,40.040296,2
-91.465427,38.935184,2
-89.639625,33.500714,7
-79.910752,35.327548,7
-74.435357,42.900891,6
-84.290591,39.753736,2
-75.370201,40.209999,6
-87.380887,36.500354,7
-95.50295,30.298801,3
-80.387794,37.175538,7
-84.130107,45.024134,2
-76.665225,41.029284,6
-108.266282,38.407507,1
-96.676054,44.012429,2
-79.492725,35.308272,7
-86.358684,35.288888,7
-101.890502,35.835676,3
-104.921898,35.982841,3
-86.846402,34.454484,7
-103.81221,40.263159,1
-83.499435,33.598696,7
-90.205005,39.717668,2
-86.447457,39.482646,2
-92.874835,38.420806,2
-81.861697,39.624946,6
-84.639262,36.138697,7
-111.577885,41.091027,1
-78.256517,39.557345,6
-102.990594,41.732204,1
-74.547292,40.858896,6
-94.731265,33.116466,3
-94.266619,46.020484,2
-82.797729,40.525266,2
-119.602311,45.425496,1
-101.298265,46.710819,1
-100.793152,34.057899,3
-88.625726,39.636896,2
-102.364895,48.210073,1
-92.759514,43.666249,2
-122.417363,45.547711,1
-84.73799,34.797097,7
-95.761581,44.015594,2
-97.071557,34.485766,3
-91.118699,41.483776,2
-84.874946,32.510197,7
-86.420908,43.428739,2
-81.943506,39.966046,6
-95.383911,35.617551,3
-108.439763,46.505281,1
-94.62025,31.62056,3
-97.991408,41.402385,2
-70.102164,41.293392,6
-122.325904,38.5071,4
-77.987555,35.965945,7
-81.765087,30.605963,5
-73.589414,40.729612,6
-106.768219,42.977645,1
-110.321025,35.390785,4
-96.476909,32.048448,3
-98.204428,47.918667,2
-78.88344,37.789079,6
-95.852721,40.387389,2
-89.119274,32.752518,7
-93.305072,33.666699,3
-120.771343,39.297508,4
-75.644132,39.575915,6
-77.864204,34.183445,7
-76.999331,37.51016,6
-89.655948,36.594261,7
-85.791372,43.562712,2
-81.599676,34.289881,7
-71.283063,41.501045,6
-93.215898,35.910742,3
-83.85136,33.552751,7
-87.402172,40.962399,2
-94.335034,36.908371,3
-89.118412,32.40197,7
-93.73925,30.786718,3
-116.760909,46.333791,1
-78.812943,43.272672,6
-80.797515,38.291432,7
-94.245684,44.35882,2
-104.468373,43.062159,1
-85.417271,41.404679,2
-81.452493,39.767232,6
-97.236335,36.384901,3
-95.763132,43.677686,2
-94.883146,40.361136,2
-100.418108,32.312338,3
-71.18111,42.171738,6
-96.463776,47.329453,2
-77.398352,36.421774,6
-75.307447,40.752791,6
-75.924018,37.302775,6
-76.709877,40.851524,6
-76.379687,37.856974,6
-78.053866,37.141167,6
-95.613312,36.789615,3
-88.566152,33.106606,7
-98.046842,40.176492,2
-97.516214,27.740032,3
-116.459011,37.965864,4
-83.38421,42.660452,2
-89.148078,36.361892,7
-74.258864,39.865669,6
-86.467177,43.603954,2
-100.815864,36.278744,3
-83.437728,33.834125,7
-83.06154,34.748766,7
-88.206516,44.996575,2
-84.128073,44.33328,2
-102.561486,43.333393,1
-89.320176,42.041884,2
-83.074081,33.866806,7
-84.964299,38.940527,2
-80.6199,40.100323,6
-86.59108,30.614325,7
-119.742235,48.548453,1
-80.887388,27.385592,5
-96.327762,35.466804,3
-97.409401,35.554611,3
-95.965947,35.6435,3
-88.876151,33.422313,7
-102.59762,35.401921,3
-101.33142,47.118079,1
-92.410096,43.9995,2
-112.520449,42.183895,1
-75.434282,43.242727,6
-89.534533,45.716176,2
-76.196134,43.006516,6
-77.499469,34.763109,7
-77.303497,42.856357,6
-89.276912,46.835325,2
-117.777207,33.675687,4
-81.323284,28.514391,5
-86.489257,38.547381,2
-79.120033,36.062525,7
-74.306252,41.40241,6
-93.8941,30.122323,3
-78.011092,38.249326,6
-72.369579,44.003373,6
-80.802913,33.436135,7
-91.401827,36.68531,2
-78.207028,43.339906,6
-72.25163,44.828442,6
-91.859504,38.464253,2
-96.408112,36.624299,3
-81.139312,28.059027,5
-85.322283,43.997552,2
-84.126905,44.687257,2
-76.209262,43.461443,6
-103.72126,37.88417,3
-105.751308,32.615599,3
-96.131027,40.637992,2
-84.576603,45.021787,2
-75.028841,42.629776,6
-86.219349,43.054969,2
-83.012613,41.545495,2
-94.802681,36.835764,3
-95.714581,46.405727,2
-92.878413,33.591168,3
-107.78848,38.154731,1
-88.464988,44.418226,2
-85.283076,36.34485,7
-86.838845,39.317339,2
-116.18969,42.572851,1
-92.458549,36.64959,2
-87.847551,43.501807,2
-123.782419,46.556587,1
-78.491872,38.623209,6
-80.448354,26.649126,5
-98.317967,32.752204,3
-76.665268,35.147575,6
-89.963065,34.365205,7
-94.305156,32.163978,3
-105.717648,39.118914,1
-110.53493,45.463081,1
-109.593597,44.492387,1
-87.19695,39.77425,2
-97.805905,32.777096,3
-102.784853,34.532163,3
-82.511006,28.309823,5
-76.260691,36.265199,6
-74.299408,41.036655,6
-80.286413,36.667138,7
-84.867169,33.92103,7
-84.582125,41.118948,2
-96.245214,40.137797,2
-96.696669,36.313704,3
-116.750238,44.00243,1
-96.975255,36.079225,3
-83.831978,32.571324,7
-89.586904,30.774793,7
-102.718153,30.773298,3
-97.545405,48.766896,2
-89.785942,36.209916,7
-117.232191,48.543825,1
-77.888106,34.512556,7
-79.340617,38.67445,6
-96.037725,48.069247,2
-102.823801,44.002349,1
-89.766993,40.785972,2
-91.83489,44.627436,2
-101.627468,40.857646,1
-102.467995,45.483387,1
-76.403244,36.180897,6
-87.293827,32.639005,7
-92.926877,34.946363,3
-89.368525,38.084381,2
-86.62654,38.081436,2
-89.802125,37.71113,2
-88.988755,31.169307,7
-82.237952,39.743187,2
-77.266328,40.39778,6
-87.869326,35.663752,7
-118.409477,40.439639,1
-78.96563,36.386356,7
-108.226575,47.141917,1
-93.285207,38.727367,2
-91.790349,37.866326,2
-99.406557,40.516365,2
-75.133346,40.009376,6
-90.855593,34.423687,7
-102.345105,40.594712,1
-107.928897,48.250143,1
-88.592355,40.009033,2
-83.052827,39.648947,2
-88.096864,33.2968,7
-84.490351,34.456746,7
-82.723377,34.885368,7
-85.075741,36.559364,7
-82.21037,31.353998,7
-99.966497,48.238883,2
-97.610992,42.271413,2
-122.15324,47.051413,1
-92.426279,44.725336,2
-85.941608,31.798653,7
-93.658659,34.158191,3
-84.389462,33.081149,7
-90.889034,39.625106,2
-87.232547,38.397961,2
-91.171607,39.339959,2
-90.397725,31.177516,3
-83.052911,39.071341,7
-75.031514,41.325949,6
-111.783657,32.128038,4
-111.366339,32.918521,4
-92.763094,46.10094,2
-82.798066,27.905342,5
-96.257015,44.015361,2
-106.916162,39.217541,1
-77.372739,35.59249,7
-95.74813,34.92554,3
-79.398502,36.821721,7
-112.129375,38.335881,1
-120.722718,39.062032,4
-94.761477,39.37869,2
-97.513467,41.576866,2
-104.953963,42.131593,1
-81.161172,39.368133,6
-120.824371,39.992295,4
-70.741942,41.987196,6
-80.010121,38.332606,6
-90.681104,35.56887,7
-94.230884,34.490915,3
-81.693534,27.953649,5
-85.188338,33.996015,7
-96.400027,47.774254,2
-93.400817,37.616761,2
-82.167621,35.277901,7
-97.570663,41.187925,2
-123.39864,44.900372,1
-84.541112,35.109437,7
-94.837338,30.784553,3
-92.447066,45.462041,2
-112.220761,48.228604,1
-89.037239,34.227081,7
-96.691804,34.721421,3
-93.026818,35.456557,3
-88.542374,37.417169,2
-95.446705,45.589623,2
-81.196962,41.16897,6
-89.49807,44.476246,2
-87.071313,41.509914,2
-87.868653,38.027614,2
-96.957004,35.211391,3
-77.894436,41.748587,6
-99.962003,45.052713,2
-101.893804,35.398675,3
-105.555344,45.408926,1
-112.9311,46.844225,1
-112.844407,42.694126,1
-77.912855,37.549404,6
-91.55362,34.831116,3
-105.503994,46.812384,1
-84.644758,39.73881,2
-88.522184,34.620566,7
-104.261619,30.005891,3
-83.432283,45.252397,2
-79.668865,39.46903,6
-90.35965,45.679072,2
-78.432957,37.224881,6
-77.220993,37.187325,6
-77.479579,38.701119,6
-71.578625,41.869768,6
-102.392161,37.958181,3
-104.484668,38.162765,3
-92.312996,34.770311,3
-83.481845,32.238803,7
-89.127755,37.215615,2
-86.692538,41.045272,2
-92.207022,37.824835,2
-80.713444,37.063385,7
-95.408082,34.377899,3
-81.732039,29.593896,5
-83.37179,33.32106,7
-89.298347,41.198961,2
-86.853373,39.665548,2
-93.014531,40.478606,2
-73.743861,41.427907,6
-84.129879,41.024533,2
-85.49618,36.14094,7
-81.906109,38.510518,7
-103.548071,35.107018,3
-85.004798,31.862938,7
-90.290171,34.252833,7
-83.40487,34.883934,7
-87.771599,42.780392,2
-95.795613,32.870457,3
-81.264672,37.762469,7
-91.524787,39.553455,2
-93.099965,45.015204,2
-98.739031,48.266163,2
-101.895547,34.962529,3
-85.464064,33.296461,7
-91.028441,36.341298,2
-84.752311,31.762651,7
-89.82121,38.056515,2
-85.00579,40.164079,2
-92.492959,39.439249,2
-79.806215,35.709915,7
-79.867788,38.781095,6
-89.946063,32.267123,7
-97.647554,46.449276,2
-78.168824,38.684522,6
-114.105795,46.077744,1
-93.995746,39.308401,2
-101.514395,31.375191,3
-99.812549,29.830097,3
-96.08718,47.865487,2
-95.048429,33.619625,3
-100.468576,40.16942,3
-95.254241,44.403536,2
-103.712706,31.308366,3
-97.162472,28.322116,3
-73.513845,42.710421,6
-94.955617,44.723697,2
-101.658152,48.712781,1
-90.972282,37.366464,2
-84.949548,35.60059,7
-93.298513,44.350775,2
-111.240227,41.627598,1
-95.718603,40.123743,2
-88.085452,38.712187,2
-104.563408,47.785633,1
-96.93796,46.265219,2
-82.542781,40.774159,2
-80.898037,34.029095,7
-90.435693,43.376199,2
-82.074998,33.361486,7
-79.755695,35.004636,7
-76.730561,37.942894,6
-106.693983,36.509669,1
-108.200716,39.972622,1
-106.453128,37.485853,1
-85.260494,39.100226,2
-90.874834,36.65017,2
-81.066317,39.177112,6
-116.002239,33.729828,4
-84.523929,35.84725,7
-81.354494,38.74295,7
-80.191237,37.330792,7
-96.947551,45.623397,2
-100.836682,35.838596,3
-86.869354,36.527509,7
-96.514941,31.025481,3
-79.100881,34.63921,7
-96.263238,43.669587,2
-99.420851,42.394749,2
-89.075284,42.66988,2
-90.572125,41.468421,2
-79.447754,37.814517,6
-84.02637,33.652081,7
-79.782754,36.381806,7
-71.09908,42.988664,6
-78.885321,38.507585,6
-74.024662,41.154628,6
-96.41205,32.899886,3
-99.741572,35.708554,3
-95.601383,36.377794,3
-99.840463,48.768271,2
-104.99517,48.282747,1
-103.483004,34.021207,3
-84.611271,44.339517,2
-95.821504,48.761068,2
-106.666792,46.173206,1
-83.059538,39.323895,2
-106.987702,40.483664,1
-80.521721,35.641355,7
-99.982715,31.845119,3
-85.466529,39.622362,2
-94.756382,32.109423,3
-91.136745,45.472734,2
-85.18698,32.289811,7
-82.095934,36.93342,7
-81.919582,35.402747,7
-86.417213,35.843369,7
-73.060304,43.612399,6
-93.851913,31.3433,3
-121.344329,38.450136,4
-84.05541,43.328267,2
-106.234666,38.031651,1
-75.357356,39.573828,6
-92.674463,34.648525,3
-88.545024,37.751508,2
-93.204164,39.13584,2
-97.131755,40.516802,2
-111.92424,40.667883,1
-81.727903,34.005278,7
-78.371261,34.989298,7
-94.16318,31.382449,3
-121.085811,36.611651,4
-116.181571,34.856661,4
-116.776117,33.023604,4
-123.032229,37.727239,4
-95.163136,30.574388,3
-121.272244,37.934982,4
-107.670257,37.781049,1
-108.324578,36.511624,4
-109.791574,37.602633,1
-123.103769,48.50719,1
-120.448897,35.388189,4
-122.371546,37.414672,4
-108.427263,38.009319,1
-104.803519,35.476859,3
-97.517157,28.011794,3
-98.819292,31.155138,3
-98.091709,44.018942,2
-115.180306,47.756497,1
-106.883119,35.685091,4
-83.142776,41.355319,2
-89.662435,39.756886,2
-82.642815,43.449155,2
-111.576933,39.373426,1
-120.038364,34.536677,4
-121.68954,37.221614,4
-110.845228,31.525733,4
-122.007789,37.012347,4
-105.963972,35.514531,3
-87.018919,30.675348,7
-82.423714,27.225327,5
-73.855387,43.106135,6
-97.630051,46.108204,2
-96.109125,41.115064,2
-89.943318,43.428001,2
-96.642097,41.223388,2
-91.147063,45.864999,2
-74.043559,42.817552,6
-100.527216,30.896233,3
-84.322708,32.263444,7
-74.438172,42.591294,6
-86.197029,46.021122,2
-90.613464,40.156905,2
-92.519016,40.469361,2
-76.938603,42.419776,6
-76.217788,40.703682,6
-82.998675,38.814889,7
-92.142824,40.447686,2
-79.477337,34.840023,7
-94.063641,34.858869,3
-90.477771,39.637002,2
-85.751898,38.679431,2
-93.533733,44.651811,2
-89.568098,37.047793,2
-89.533486,32.411959,7
-84.504091,36.430592,7
-82.613624,36.712776,7
-103.703021,41.850506,1
-81.617585,32.744751,7
-100.913346,32.744353,3
-92.695888,35.896387,3
-94.274989,35.196981,3
-102.355358,40.871568,1
-81.131975,28.690065,5
-84.867685,30.93396,7
-96.602857,35.158366,3
-76.827088,42.782294,6
-83.127547,41.119992,2
-85.410082,35.372336,7
-94.750757,35.502435,3
-94.243279,33.994877,3
-83.5249,35.787822,7
-111.81193,38.746824,1
-97.140383,40.871944,2
-99.347005,32.74382,3
-91.391328,37.152498,2
-90.827613,32.892395,3
-91.471069,36.173399,2
-122.043556,40.760514,1
-88.755813,44.789641,2
-87.731516,43.741232,2
-86.661007,33.266893,7
-88.798865,39.384917,2
-85.792174,39.524135,2
-92.088719,39.797531,2
-84.204142,40.33668,2
-89.894612,35.184553,7
-94.142579,31.790139,3
-78.573987,38.856204,6
-93.76913,45.453176,2
-104.533916,48.705587,1
-100.330986,47.581359,2
-102.36828,42.512289,1
-106.881211,44.781369,1
-98.972849,41.218743,2
-120.678512,45.399216,1
-101.899265,36.278593,3
-84.146352,42.951545,2
-115.885092,47.347694,1
-94.230123,44.575734,2
-120.521993,39.576925,4
-107.188161,33.119468,3
-112.660071,45.896232,1
-89.917709,31.902505,7
-101.061284,46.110618,1
-103.73217,42.470668,1
-122.533287,41.587986,1
-121.81577,48.493292,1
-121.953232,46.024785,1
-103.462462,46.445834,1
-89.494876,32.019029,7
-85.941915,36.256645,7
-95.268939,32.375105,3
-81.539786,36.842318,7
-121.765038,48.054913,1
-77.072929,40.755407,6
-106.939136,33.991658,3
-121.939594,38.267226,4
-75.853323,38.07445,6
-74.619938,40.565527,6
-79.028486,39.981297,6
-97.769217,32.218071,3
-122.92611,38.525182,4
-77.103813,36.720068,6
-84.284905,33.262348,7
-81.991624,34.932014,7
-87.010375,38.009697,2
-98.339615,44.923772,2
-117.403371,47.620375,1
-77.657226,38.182431,6
-90.674915,38.781102,2
-86.311327,33.719491,7
-89.928546,38.470198,2
-82.668913,42.928803,2
-93.77656,38.04223,2
-92.447284,45.028959,2
-90.751506,35.022838,7
-90.473868,37.810707,2
-81.40004,29.890487,5
-86.288048,41.617723,2
-85.52287,41.911488,2
-75.074311,44.488112,6
-92.514585,47.578635,2
-90.446073,38.640688,2
-80.443536,27.379814,5
-77.458048,38.423084,6
-121.002831,37.562316,4
-100.747822,44.413984,1
-80.254374,35.310449,7
-97.177109,41.905045,2
-89.797411,41.096908,2
-102.662026,46.817031,1
-81.365667,40.814131,6
-86.644636,41.284478,2
-98.740235,26.530903,3
-90.161531,37.885845,2
-94.610482,45.555235,2
-93.220453,44.015261,2
-97.71892,47.451062,2
-83.290588,34.553582,7
-97.855607,34.481361,3
-98.839344,32.738052,3
-89.665994,42.349726,2
-101.054911,31.835773,3
-85.002405,41.643467,2
-77.385525,42.266725,6
-95.992315,45.593461,2
-117.854455,48.388728,1
-84.834912,32.073225,7
-87.811889,36.458464,7
-109.381576,45.658545,1
-89.947481,36.851557,2
-80.269921,36.393797,7
-92.140482,35.857001,3
-93.457842,36.745822,3
-89.112297,30.790184,7
-100.253807,33.17958,3
-119.524646,39.438385,4
-71.035589,43.293272,6
-98.956123,46.972223,2
-109.91617,42.767928,1
-71.018253,42.338551,6
-72.692218,40.943554,6
-87.415843,39.089225,2
-93.109783,40.209587,2
-72.222084,43.361188,6
-74.771577,41.719993,6
-76.511717,41.439285,6
-82.301336,36.509681,7
-100.131399,44.722325,2
-80.856325,37.655999,7
-106.137555,39.621023,1
-81.534928,41.121847,6
-110.968486,40.87206,1
-86.458405,36.472423,7
-88.200057,32.597481,7
-82.069876,28.715275,5
-84.204294,32.042266,7
-80.382376,33.91614,7
-90.59509,33.605529,7
-80.686463,36.415416,7
-76.880172,37.119761,6
-75.800969,41.819665,6
-75.337024,38.673227,6
-74.691914,41.137461,6
-77.259732,36.926645,6
-121.70394,39.03619,4
-100.513359,30.522185,3
-82.992754,30.189244,5
-83.465614,35.568849,7
-109.944796,45.811292,1
-108.875677,41.660328,1
-95.690124,45.27581,2
-101.743865,34.526319,3
-85.029681,38.825854,2
-84.530029,32.704603,7
-76.178476,38.748349,6
-82.875272,33.559319,7
-86.17593,33.369314,7
-90.172243,33.954529,7
-85.799618,32.863308,7
-93.042819,36.649827,3
-105.638878,36.577183,3
-97.291224,32.772119,3
-89.943105,34.649553,7
-82.059208,32.043768,7
-83.639573,29.967146,5
-84.251426,32.554667,7
-99.89043,32.297126,3
-90.504853,45.211656,2
-80.046554,39.332478,6
-89.51626,40.508074,2
-81.562924,37.125395,7
-122.232274,40.126157,4
-82.931063,31.913641,7
-105.187365,38.869976,1
-84.439446,31.777191,7
-102.072513,30.232343,3
-102.339284,33.171229,3
-111.211765,43.760994,1
-112.281725,47.819035,1
-110.426087,44.048662,1
-91.964478,37.314257,2
-101.483855,36.746317,3
-97.596186,40.173487,2
-83.919815,30.864619,7
-100.524703,41.85573,2
-99.205796,33.170695,3
-96.533943,42.154061,2
-122.830152,46.935822,1
-83.525931,31.457003,7
-123.759299,45.45589,1
-98.931701,34.371085,3
-76.297456,42.178057,6
-77.257288,41.766859,6
-88.918819,34.763618,7
-86.893554,40.389133,2
-86.056207,40.310229,2
-89.747145,35.498763,7
-88.234827,34.738835,7
-94.966783,33.214599,3
-94.900576,46.066569,2
-100.707664,43.208794,2
-100.46385,31.398295,3
-76.473483,42.453006,6
-113.123979,40.467753,1
-111.733472,48.645125,1
-82.330597,32.117753,7
-105.890557,34.554978,3
-99.248158,48.682183,2
-83.732264,34.902529,7
-97.164754,47.446215,2
-82.816666,35.210103,7
-96.474832,45.769935,2
-97.69127,30.239513,3
-107.285772,46.229441,1
-91.358867,44.30305,2
-82.570882,32.409586,7
-123.114666,40.647858,4
-95.151687,31.096675,3
-99.876219,43.349729,2
-85.02836,33.034482,7
-86.156691,36.39303,7
-80.7704,41.306374,6
-79.559968,39.111175,6
-118.781055,36.228834,4
-95.941813,36.120318,3
-90.37177,34.652201,7
-119.964733,38.021434,4
-83.620319,31.7248,7
-97.150185,43.30867,2
-87.522783,33.29022,7
-81.471166,40.447439,6
-83.436618,43.487902,2
-83.425879,32.665847,7
-114.665639,42.352309,1
-94.375656,30.769295,3
-80.877219,39.465634,6
-76.165345,35.87042,6
-110.558947,41.284726,1
-109.517748,40.125887,1
-74.265458,41.947212,6
-118.73388,45.5912,1
-82.418218,36.100129,7
-92.598145,33.168219,3
-82.366918,30.05428,5
-83.989257,34.833333,7
-89.244639,37.485652,2
-84.925145,39.623094,2
-89.002339,34.489533,7
-80.530426,34.99182,7
-74.308696,40.659871,6
-103.475723,36.488085,3
-83.367042,40.295901,2
-117.999149,45.304081,1
-77.055475,40.962179,6
-81.615896,34.690397,7
-96.650829,42.831106,2
-83.836088,36.28414,7
-94.941184,32.735349,3
-80.231606,38.90253,6
-84.292283,32.881837,7
-102.041546,31.353816,3
-111.668563,40.120418,1
-99.768427,29.350308,3
-101.143324,29.875285,3
-106.806582,34.71684,3
-115.618061,44.85596,1
-106.670424,48.34985,1
-98.983484,41.564094,2
-92.515976,35.582953,3
-86.306076,42.28215,2
-85.458409,35.699234,7
-84.585775,40.85552,2
-95.836906,32.558787,3
-78.405434,36.365481,7
-87.586166,38.02007,2
-79.765813,41.400714,6
-119.133145,34.358748,4
-87.726778,40.186754,2
-87.462071,39.854045,2
-94.341597,37.850196,2
-90.821983,43.599366,2
-96.971198,28.79637,3
-87.390989,39.430874,2
-89.501254,46.049848,2
-82.485961,39.252042,7
-81.161792,29.057769,5
-87.839167,38.445821,2
-85.795192,40.843747,2
-92.233454,44.289634,2
-94.988608,46.586986,2
-95.514201,35.963388,3
-123.424458,46.294638,1
-78.650624,35.789846,7
-84.359111,30.091335,5
-87.301094,33.791558,7
-85.305456,34.735802,7
-95.569825,30.743163,3
-118.48037,46.254606,1
-95.982149,30.01359,3
-117.18558,45.593753,1
-97.72223,48.376979,2
-90.103431,31.164492,3
-86.162798,30.571247,7
-83.731829,33.783887,7
-100.027856,45.427605,2
-88.541731,42.66811,2
-101.540537,48.216686,1
-103.105113,31.513069,3
-82.421507,31.050881,7
-82.688012,33.419169,7
-90.620223,40.850441,2
-87.375163,40.352498,2
-91.159306,38.761902,2
-90.852384,32.356095,3
-78.099899,36.398105,6
-75.009498,40.853491,6
-73.838139,43.555105,6
-84.16994,39.425663,2
-79.298182,41.834298,6
-85.777343,35.67825,7
-78.207594,38.908221,6
-87.272049,38.097728,2
-111.161568,40.334884,1
-121.165069,45.164536,1
-93.589844,44.01846,2
-107.669052,43.878831,1
-91.796422,45.892489,2
-88.212404,31.408503,7
-94.217269,35.978001,3
-103.209744,39.96579,1
-85.655805,30.602102,7
-82.798112,32.971843,7
-116.797792,44.448223,1
-89.417187,38.35314,2
-86.104751,38.600613,2
-77.814671,39.603621,6
-92.890117,45.037929,2
-90.897018,37.942611,2
-90.944446,33.273174,3
-76.572291,35.844713,6
-96.224577,41.533973,2
-73.439428,43.312377,6
-81.490636,39.450676,6
-95.906253,36.704403,3
-123.097615,45.553542,1
-80.252132,40.200005,6
-71.620282,41.396792,6
-82.495037,36.295665,7
-96.410272,30.215075,3
-113.4878,37.262531,4
-81.950322,36.747814,7
-72.609444,44.274969,6
-88.232917,43.391156,2
-98.992195,35.290068,3
-119.663269,40.73132,1
-83.843423,42.252217,2
-81.709888,36.235368,7
-94.613798,43.978109,2
-88.30424,43.018368,2
-88.967005,44.478004,2
-89.239786,44.112823,2
-81.912376,31.547845,7
-88.43243,38.431857,2
-85.006735,39.863091,2
-83.261953,42.284664,2
-90.453931,37.111074,2
-88.678214,31.642503,7
-78.00867,35.35419,7
-97.126243,42.210746,2
-77.049402,43.218114,6
-81.887194,40.829661,6
-75.292493,41.646602,6
-87.819843,35.242847,7
-110.990872,38.259856,1
-82.422666,38.143642,7
-88.721194,36.303596,7
-99.340752,27.760799,3
-111.876883,41.270325,1
-84.553828,32.046691,7
-92.87608,37.280804,2
-89.283961,33.612061,7
-98.49859,40.180646,2
-80.449052,38.483459,6
-104.383666,40.555961,1
-85.213349,40.735547,2
-99.682213,47.580851,2
-73.745753,41.152686,6
-79.466688,40.311068,6
-76.803933,38.109311,6
-104.57002,43.846213,1
-80.635399,39.59818,6
-85.570046,44.331375,2
-96.229674,29.27848,3
-121.836432,48.842653,1
-109.857684,46.496967,1
-82.733849,32.105258,7
-98.520853,41.922575,2
-120.026861,44.736415,1
-100.253107,35.392593,3
-91.753034,35.255118,3
-83.743,34.644182,7
-88.178623,38.087326,2
-86.864293,40.75095,2
-85.455785,35.927049,7
-114.900565,39.418176,1
-89.911005,41.750673,2
-84.968541,34.801726,7
-85.501892,41.136426,2
-117.53539,46.905944,1
-104.274518,46.962966,1
-98.70801,33.988212,3
-75.632083,38.36737,6
-99.24244,34.08492,3
-87.304935,31.990082,7
-83.438259,31.96272,7
-82.747921,33.779031,7
-81.166095,36.208883,7
-96.476657,46.362335,2
-83.175512,32.804266,7
-91.324617,31.161091,3
-87.978456,41.448474,2
-97.594731,26.481861,3
-103.501333,48.355765,1
-84.584324,41.564959,2
-79.716474,33.626462,7
-88.930018,37.730353,2
-86.897888,35.894845,7
-97.605065,30.649082,3
-77.921598,35.700357,7
-86.291181,36.149431,7
-98.086734,29.173883,3
-72.721877,42.995304,6
-72.598813,43.572448,6
-103.054925,31.832862,3
-89.161205,42.337396,2
-88.668149,44.085707,2
-91.777044,43.981353,2
-87.365346,34.154566,7
-89.037391,33.078724,7
-81.382975,39.020034,6
-97.653997,33.219095,3
-82.62156,36.974561,7
-83.622682,41.360183,2
-95.382166,32.783588,3
-90.038825,44.461413,2
-81.516234,39.211602,6
-89.210587,40.789787,2
-91.244535,35.192777,3
-98.863649,36.726984,3
-99.273661,36.425619,3
-71.940282,42.311693,6
-75.309931,38.222133,6
-83.84996,31.551773,7
-94.419198,40.480499,2
-93.966396,45.175091,2
-92.479989,37.267633,2
-83.313681,40.839782,2
-78.228567,42.701363,6
-76.008731,41.525173,6
-81.549032,37.60366,7
-81.08301,36.899868,7
-80.665164,36.158765,7
-120.740145,46.456558,1
-89.703807,34.030666,7
-123.316399,45.247827,1
-82.303954,35.889326,7
-97.388361,43.006603,2
-77.104324,42.638237,6
-112.577225,34.631071,4
-90.387928,32.765675,7
-93.408303,34.997713,3
-95.862756,44.715736,2
-108.276656,45.936987,1
-102.832241,33.162339,3
-121.90275,38.679609,4
-97.596742,40.873056,2
-76.728889,39.921751,6
-81.183187,34.970188,7
-76.395533,37.220914,6
-98.67839,33.158778,3
-121.344259,39.27013,4
-113.910905,32.773942,4
-102.421649,40.00077,3
-99.182603,26.996981,3
-99.75983,28.864652,3
-101.660827,44.989764,1
-113.634429650255,43.2912026664736,8
-88.4232672615013,41.7843502633305,8
-97.3140464009831,32.0624292239959,8
-117.309200500923,34.948252594301,8
-81.3767268565631,27.4998208217352,8
-75.475663190959,40.9085698475378,8
-83.7808095031214,34.4621698543007,8
